record,split,variant,n_annotations_all,n_beats,n_detected,sens_old_pct,ppv_old_pct,sens_new_pct,ppv_new_pct
100,DS2,none,372,371,371,99.7311827956989,100,100,100
100,DS2,bandpass,372,371,371,99.7311827956989,100,100,100
100,DS2,wavelet,372,371,371,99.7311827956989,100,100,100
100,DS2,emd,372,371,371,99.7311827956989,100,100,100
101,DS1,none,348,342,343,98.5632183908046,100,99.7076023391813,99.4169096209913
101,DS1,bandpass,348,342,343,98.5632183908046,100,99.7076023391813,99.4169096209913
101,DS1,wavelet,348,342,343,98.5632183908046,100,99.7076023391813,99.4169096209913
101,DS1,emd,348,342,343,98.5632183908046,100,99.7076023391813,99.4169096209913
103,DS2,none,356,355,355,99.438202247191,99.7183098591549,99.7183098591549,99.7183098591549
103,DS2,bandpass,356,355,355,99.438202247191,99.7183098591549,99.7183098591549,99.7183098591549
103,DS2,wavelet,356,355,355,99.438202247191,99.7183098591549,99.7183098591549,99.7183098591549
103,DS2,emd,356,355,355,99.438202247191,99.7183098591549,99.7183098591549,99.7183098591549
105,DS2,none,426,417,417,97.887323943662,100,100,100
105,DS2,bandpass,426,417,417,97.887323943662,100,100,100
105,DS2,wavelet,426,417,417,97.887323943662,100,100,100
105,DS2,emd,426,417,417,97.887323943662,100,100,100
106,DS1,none,344,331,331,96.2209302325581,100,100,100
106,DS1,bandpass,344,331,331,96.2209302325581,100,100,100
106,DS1,wavelet,344,331,331,96.2209302325581,100,100,100
106,DS1,emd,344,331,331,96.2209302325581,100,100,100
108,DS1,none,294,283,410,96.9387755102041,69.5121951219512,100,69.0243902439024
108,DS1,bandpass,294,283,410,96.9387755102041,69.5121951219512,100,69.0243902439024
108,DS1,wavelet,294,283,410,96.9387755102041,69.5121951219512,100,69.0243902439024
108,DS1,emd,294,283,410,96.9387755102041,69.5121951219512,100,69.0243902439024
109,DS1,none,434,433,432,99.5391705069124,100,99.7690531177829,100
109,DS1,bandpass,434,433,432,99.5391705069124,100,99.7690531177829,100
109,DS1,wavelet,434,433,432,99.5391705069124,100,99.7690531177829,100
109,DS1,emd,434,433,432,99.5391705069124,100,99.7690531177829,100
111,DS2,none,353,348,348,98.5835694050991,100,100,100
111,DS2,bandpass,353,348,348,98.5835694050991,100,100,100
111,DS2,wavelet,353,348,348,98.5835694050991,100,100,100
111,DS2,emd,353,348,348,98.5835694050991,100,100,100
112,DS1,none,429,428,428,99.7668997668998,100,100,100
112,DS1,bandpass,429,428,428,99.7668997668998,100,100,100
112,DS1,wavelet,429,428,428,99.7668997668998,100,100,100
112,DS1,emd,429,428,428,99.7668997668998,100,100,100
113,DS2,none,290,289,289,99.6551724137931,100,100,100
113,DS2,bandpass,290,289,289,99.6551724137931,100,100,100
113,DS2,wavelet,290,289,289,99.6551724137931,100,100,100
113,DS2,emd,290,289,289,99.6551724137931,100,100,100
114,DS1,none,276,275,275,99.6376811594203,100,100,100
114,DS1,bandpass,276,275,275,99.6376811594203,100,100,100
114,DS1,wavelet,276,275,275,99.6376811594203,100,100,100
114,DS1,emd,276,275,275,99.6376811594203,100,100,100
115,DS1,none,317,316,316,99.6845425867508,100,100,100
115,DS1,bandpass,317,316,316,99.6845425867508,100,100,100
115,DS1,wavelet,317,316,316,99.6845425867508,100,100,100
115,DS1,emd,317,316,316,99.6845425867508,100,100,100
116,DS1,none,396,395,396,99.7474747474748,99.7474747474748,100,99.7474747474748
116,DS1,bandpass,396,395,395,99.7474747474748,100,100,100
116,DS1,wavelet,396,395,396,99.7474747474748,99.7474747474748,100,99.7474747474748
116,DS1,emd,396,395,396,99.7474747474748,99.7474747474748,100,99.7474747474748
117,DS2,none,252,251,251,99.6031746031746,100,100,100
117,DS2,bandpass,252,251,251,99.6031746031746,100,100,100
117,DS2,wavelet,252,251,251,99.6031746031746,100,100,100
117,DS2,emd,252,251,251,99.6031746031746,100,100,100
118,DS1,none,368,362,362,98.3695652173913,100,100,100
118,DS1,bandpass,368,362,362,98.3695652173913,100,100,100
118,DS1,wavelet,368,362,362,98.3695652173913,100,100,100
118,DS1,emd,368,362,362,98.3695652173913,100,100,100
119,DS1,none,349,326,326,93.4097421203438,100,100,100
119,DS1,bandpass,349,326,326,93.4097421203438,100,100,100
119,DS1,wavelet,349,326,326,93.4097421203438,100,100,100
119,DS1,emd,349,326,326,93.4097421203438,100,100,100
121,DS2,none,306,303,303,99.0196078431373,100,100,100
121,DS2,bandpass,306,303,303,99.0196078431373,100,100,100
121,DS2,wavelet,306,303,303,99.0196078431373,100,100,100
121,DS2,emd,306,303,303,99.0196078431373,100,100,100
122,DS1,none,423,422,422,99.7635933806147,100,100,100
122,DS1,bandpass,423,422,422,99.7635933806147,100,100,100
122,DS1,wavelet,423,422,422,99.7635933806147,100,100,100
122,DS1,emd,423,422,422,99.7635933806147,100,100,100
123,DS2,none,250,249,249,99.6,100,100,100
123,DS2,bandpass,250,249,249,99.6,100,100,100
123,DS2,wavelet,250,249,249,99.6,100,100,100
123,DS2,emd,250,249,249,99.6,100,100,100
124,DS1,none,254,252,252,99.2125984251969,100,100,100
124,DS1,bandpass,254,252,252,99.2125984251969,100,100,100
124,DS1,wavelet,254,252,252,99.2125984251969,100,100,100
124,DS1,emd,254,252,252,99.2125984251969,100,100,100
200,DS2,none,462,433,433,93.7229437229437,100,100,100
200,DS2,bandpass,462,433,433,93.7229437229437,100,100,100
200,DS2,wavelet,462,433,433,93.7229437229437,100,100,100
200,DS2,emd,462,433,433,93.7229437229437,100,100,100
201,DS1,none,443,442,442,99.7742663656885,100,100,100
201,DS1,bandpass,443,442,442,99.7742663656885,100,100,100
201,DS1,wavelet,443,442,442,99.7742663656885,100,100,100
201,DS1,emd,443,442,442,99.7742663656885,100,100,100
202,DS2,none,266,265,265,99.6240601503759,100,100,100
202,DS2,bandpass,266,265,265,99.6240601503759,100,100,100
202,DS2,wavelet,266,265,265,99.6240601503759,100,100,100
202,DS2,emd,266,265,265,99.6240601503759,100,100,100
203,DS1,none,516,499,493,94.9612403100775,99.3914807302231,97.9959919839679,99.1886409736308
203,DS1,bandpass,516,499,493,94.9612403100775,99.3914807302231,97.9959919839679,99.1886409736308
203,DS1,wavelet,516,499,493,94.9612403100775,99.3914807302231,97.9959919839679,99.1886409736308
203,DS1,emd,516,499,493,94.9612403100775,99.3914807302231,97.9959919839679,99.1886409736308
205,DS1,none,457,455,455,99.562363238512,100,100,100
205,DS1,bandpass,457,455,455,99.562363238512,100,100,100
205,DS1,wavelet,457,455,455,99.562363238512,100,100,100
205,DS1,emd,457,455,455,99.562363238512,100,100,100
207,DS1,none,430,268,378,78.6046511627907,89.4179894179894,98.134328358209,69.5767195767196
207,DS1,bandpass,430,268,378,78.6046511627907,89.4179894179894,98.134328358209,69.5767195767196
207,DS1,wavelet,430,268,378,78.6046511627907,89.4179894179894,98.134328358209,69.5767195767196
207,DS1,emd,430,268,378,78.6046511627907,89.4179894179894,98.134328358209,69.5767195767196
208,DS1,none,537,518,515,95.5307262569832,99.6116504854369,99.034749034749,99.6116504854369
208,DS1,bandpass,537,518,515,95.5307262569832,99.6116504854369,99.034749034749,99.6116504854369
208,DS1,wavelet,537,518,515,95.5307262569832,99.6116504854369,99.034749034749,99.6116504854369
208,DS1,emd,537,518,515,95.5307262569832,99.6116504854369,99.034749034749,99.6116504854369
209,DS1,none,491,486,486,98.9816700610998,100,100,100
209,DS1,bandpass,491,486,486,98.9816700610998,100,100,100
209,DS1,wavelet,491,486,486,98.9816700610998,100,100,100
209,DS1,emd,491,486,486,98.9816700610998,100,100,100
210,DS2,none,452,446,443,97.5663716814159,99.548532731377,98.8789237668161,99.548532731377
210,DS2,bandpass,452,446,443,97.5663716814159,99.548532731377,98.8789237668161,99.548532731377
210,DS2,wavelet,452,446,443,97.5663716814159,99.548532731377,98.8789237668161,99.548532731377
210,DS2,emd,452,446,443,97.5663716814159,99.548532731377,98.8789237668161,99.548532731377
212,DS2,none,464,463,463,99.7844827586207,100,100,100
212,DS2,bandpass,464,463,463,99.7844827586207,100,100,100
212,DS2,wavelet,464,463,463,99.7844827586207,100,100,100
212,DS2,emd,464,463,463,99.7844827586207,100,100,100
213,DS2,none,556,551,551,99.1007194244604,100,100,100
213,DS2,bandpass,556,551,551,99.1007194244604,100,100,100
213,DS2,wavelet,556,551,551,99.1007194244604,100,100,100
213,DS2,emd,556,551,551,99.1007194244604,100,100,100
214,DS2,none,394,383,380,96.4467005076142,100,99.2167101827676,100
214,DS2,bandpass,394,383,380,96.4467005076142,100,99.2167101827676,100
214,DS2,wavelet,394,383,380,96.4467005076142,100,99.2167101827676,100
214,DS2,emd,394,383,380,96.4467005076142,100,99.2167101827676,100
215,DS1,none,577,568,568,98.4402079722704,100,100,100
215,DS1,bandpass,577,568,568,98.4402079722704,100,100,100
215,DS1,wavelet,577,568,568,98.4402079722704,100,100,100
215,DS1,emd,577,568,568,98.4402079722704,100,100,100
219,DS2,none,384,381,381,99.21875,100,100,100
219,DS2,bandpass,384,381,381,99.21875,100,100,100
219,DS2,wavelet,384,381,381,99.21875,100,100,100
219,DS2,emd,384,381,381,99.21875,100,100,100
220,DS1,none,355,354,353,99.4366197183099,100,99.7175141242938,100
220,DS1,bandpass,355,354,353,99.4366197183099,100,99.7175141242938,100
220,DS1,wavelet,355,354,353,99.4366197183099,100,99.7175141242938,100
220,DS1,emd,355,354,353,99.4366197183099,100,99.7175141242938,100
221,DS2,none,410,407,407,99.2682926829268,100,100,100
221,DS2,bandpass,410,407,407,99.2682926829268,100,100,100
221,DS2,wavelet,410,407,407,99.2682926829268,100,100,100
221,DS2,emd,410,407,407,99.2682926829268,100,100,100
222,DS2,none,372,367,367,98.6559139784946,100,100,100
222,DS2,bandpass,372,367,367,98.6559139784946,100,100,100
222,DS2,wavelet,372,367,367,98.6559139784946,100,100,100
222,DS2,emd,372,367,367,98.6559139784946,100,100,100
223,DS1,none,411,406,401,97.5669099756691,100,98.7684729064039,100
223,DS1,bandpass,411,406,401,97.5669099756691,100,98.7684729064039,100
223,DS1,wavelet,411,406,401,97.5669099756691,100,98.7684729064039,100
223,DS1,emd,411,406,401,97.5669099756691,100,98.7684729064039,100
228,DS2,none,384,350,353,91.40625,99.4334277620397,99.7142857142857,98.8668555240793
228,DS2,bandpass,384,350,354,91.40625,99.1525423728814,99.7142857142857,98.5875706214689
228,DS2,wavelet,384,350,353,91.40625,99.4334277620397,99.7142857142857,98.8668555240793
228,DS2,emd,384,350,353,91.40625,99.4334277620397,99.7142857142857,98.8668555240793
230,DS1,none,431,397,397,92.1113689095128,100,100,100
230,DS1,bandpass,431,397,397,92.1113689095128,100,100,100
230,DS1,wavelet,431,397,397,92.1113689095128,100,100,100
230,DS1,emd,431,397,397,92.1113689095128,100,100,100
231,DS2,none,329,293,293,89.0577507598784,100,100,100
231,DS2,bandpass,329,293,293,89.0577507598784,100,100,100
231,DS2,wavelet,329,293,293,89.0577507598784,100,100,100
231,DS2,emd,329,293,293,89.0577507598784,100,100,100
232,DS2,none,306,295,295,96.4052287581699,100,100,100
232,DS2,bandpass,306,295,295,96.4052287581699,100,100,100
232,DS2,wavelet,306,295,295,96.4052287581699,100,100,100
232,DS2,emd,306,295,295,96.4052287581699,100,100,100
233,DS2,none,537,518,518,96.4618249534451,100,99.8069498069498,99.8069498069498
233,DS2,bandpass,537,518,518,96.4618249534451,100,99.8069498069498,99.8069498069498
233,DS2,wavelet,537,518,518,96.4618249534451,100,99.8069498069498,99.8069498069498
233,DS2,emd,537,518,518,96.4618249534451,100,99.8069498069498,99.8069498069498
234,DS2,none,463,462,462,99.7840172786177,100,100,100
234,DS2,bandpass,463,462,462,99.7840172786177,100,100,100
234,DS2,wavelet,463,462,462,99.7840172786177,100,100,100
234,DS2,emd,463,462,462,99.7840172786177,100,100,100
