Group,AccuracyDrop_pct,MacroF1Drop
RR_prev,1.36909076266408,0.02475036122687
RR_next,0.0456363587554631,0.00847719423048341
RR_local_avg,-0.190598910096381,0.00255720795339966
All 3 RR features,1.6455934068884,0.039181144739641
Morph -90..-46 (P wave / PR segment),-0.404687122493363,-0.0144927736976947
Morph -45..-16 (QRS onset),1.52881801830823,0.0167482071779588
Morph -15..+15 (QRS core (R-peak)),2.94421626265066,0.0767233845198885
Morph +16..+45 (QRS end / J-point),-0.126171109500421,-0.029671391687805
Morph +46..+90 (ST segment / T onset),3.74083917210276,0.0625092996177288
All morphology (181 samples),9.00378513328501,0.171165937340616
