Rank,Column,Feature,Importance
1,1,RR_prev,1.91202286633901
2,2,RR_next,1.10633433045094
3,3,RR_local_avg,0.921692262835853
4,95,morphology +1 samples (+3 ms),0.805204902553924
5,94,morphology +0 samples (+0 ms),0.776315212281555
6,114,morphology +20 samples (+56 ms),0.730721850152229
7,103,morphology +9 samples (+25 ms),0.727114059909869
8,102,morphology +8 samples (+22 ms),0.710344871963302
9,112,morphology +18 samples (+50 ms),0.70887469085982
10,92,morphology -2 samples (-6 ms),0.696892212999953
11,93,morphology -1 samples (-3 ms),0.688000756732887
12,97,morphology +3 samples (+8 ms),0.667869856311262
13,182,morphology +88 samples (+244 ms),0.665132456047603
14,99,morphology +5 samples (+14 ms),0.646924993266056
15,98,morphology +4 samples (+11 ms),0.631166865268896
16,96,morphology +2 samples (+6 ms),0.626105061690609
17,101,morphology +7 samples (+19 ms),0.62558850473051
18,108,morphology +14 samples (+39 ms),0.623425416996694
19,109,morphology +15 samples (+42 ms),0.602444454055446
20,105,morphology +11 samples (+31 ms),0.601689602897634
