source,variant,metric,mean_diff_vs_none,ci_lo,ci_hi,ci_excludes_zero
groundtruth,bandpass,macroF1,-0.0554233506962237,-0.0865442567016343,-0.00408705744285415,yes
groundtruth,bandpass,S_F1,0.00924194044608073,-0.0187861223090863,0.0712518578200359,no
groundtruth,bandpass,V_F1,-0.164371674482962,-0.248455217086948,-0.0233642619092578,yes
groundtruth,wavelet,macroF1,-0.00178797114210648,-0.00840197143014687,0.00588729522208245,no
groundtruth,wavelet,S_F1,-0.00236238390742227,-0.0192550905952117,0.00853423763318324,no
groundtruth,wavelet,V_F1,0.0123529827034818,-0.000714529130018793,0.0268305079126862,no
groundtruth,emd,macroF1,-0.045314705347665,-0.0767230296631292,-0.00453752520760636,yes
groundtruth,emd,S_F1,-0.00512331572692131,-0.0728218137359113,0.0709003331916183,no
groundtruth,emd,V_F1,-0.124899042987779,-0.188593028151189,-0.0133981325283634,yes
detected,bandpass,macroF1,-0.0304879331403317,-0.0630346133449172,-0.000371979822388735,yes
detected,bandpass,S_F1,0.0282677072330751,0.00282353503929475,0.0918130246603814,yes
detected,bandpass,V_F1,-0.102986278556045,-0.176585187771316,-0.0140368120491164,yes
detected,wavelet,macroF1,0.00390533826914701,-0.00841664446035129,0.0230170034715788,no
detected,wavelet,S_F1,0.0194646276312596,0,0.0926316727444522,no
detected,wavelet,V_F1,0.00333880705009101,-0.0204032779282823,0.0237303094976107,no
detected,emd,macroF1,-0.0414714655862746,-0.0625440989091215,-0.0118874786209434,yes
detected,emd,S_F1,0.00707719827586837,-0.0169721276390169,0.0567455667883625,no
detected,emd,V_F1,-0.133025004646137,-0.202580971450566,-0.0275985158521796,yes
